time,USA/NON_FARM_PAYROLLS.EODHDEconomicEvents
2021-01-02,336.0
2021-01-03,336.0
2021-01-04,336.0
2021-01-05,336.0
2021-01-06,336.0
2021-01-07,336.0
2021-01-28,-227.0
2021-01-29,-227.0
2021-01-30,-227.0
2021-01-31,-227.0
2021-02-01,-227.0
2021-02-02,-227.0
2021-02-03,-227.0
2021-02-04,-227.0
2021-02-25,166.0
2021-02-26,166.0
2021-02-27,166.0
2021-02-28,166.0
2021-03-01,166.0
2021-03-02,166.0
2021-03-03,166.0
2021-03-04,166.0
2021-03-25,468.0
2021-03-26,468.0
2021-03-27,468.0
2021-03-28,468.0
2021-03-29,468.0
2021-03-30,468.0
2021-03-31,468.0
2021-04-01,468.0
2021-04-29,770.0
2021-04-30,770.0
2021-05-01,770.0
2021-05-02,770.0
2021-05-03,770.0
2021-05-04,770.0
2021-05-05,770.0
2021-05-06,770.0
2021-05-27,278.0
2021-05-28,278.0
2021-05-29,278.0
2021-05-30,278.0
2021-05-31,278.0
2021-06-01,278.0
2021-06-02,278.0
2021-06-03,278.0
2021-06-24,583.0
2021-06-25,583.0
2021-06-26,583.0
2021-06-27,583.0
2021-06-28,583.0
2021-06-29,583.0
2021-06-30,583.0
2021-07-01,583.0
2021-07-29,938.0
2021-07-30,938.0
2021-07-31,938.0
2021-08-01,938.0
2021-08-02,938.0
2021-08-03,938.0
2021-08-04,938.0
2021-08-05,938.0
2021-08-26,1053.0
2021-08-27,1053.0
2021-08-28,1053.0
2021-08-29,1053.0
2021-08-30,1053.0
2021-08-31,1053.0
2021-09-01,1053.0
2021-09-02,1053.0
2021-09-30,366.0
2021-10-01,366.0
2021-10-02,366.0
2021-10-03,366.0
2021-10-04,366.0
2021-10-05,366.0
2021-10-06,366.0
2021-10-07,366.0
2021-10-28,312.0
2021-10-29,312.0
2021-10-30,312.0
2021-10-31,312.0
2021-11-01,312.0
2021-11-02,312.0
2021-11-03,312.0
2021-11-04,312.0
2021-11-25,546.0
2021-11-26,546.0
2021-11-27,546.0
2021-11-28,546.0
2021-11-29,546.0
2021-11-30,546.0
2021-12-01,546.0
2021-12-02,546.0
2021-12-30,249.0
2021-12-31,249.0
2022-01-01,249.0
2022-01-02,249.0
2022-01-03,249.0
2022-01-04,249.0
2022-01-05,249.0
2022-01-06,249.0
2022-01-27,510.0
2022-01-28,510.0
2022-01-29,510.0
2022-01-30,510.0
2022-01-31,510.0
2022-02-01,510.0
2022-02-02,510.0
2022-02-03,510.0
2022-02-24,481.0
2022-02-25,481.0
2022-02-26,481.0
2022-02-27,481.0
2022-02-28,481.0
2022-03-01,481.0
2022-03-02,481.0
2022-03-03,481.0
2022-03-24,750.0
2022-03-25,750.0
2022-03-26,750.0
2022-03-27,750.0
2022-03-28,750.0
2022-03-29,750.0
2022-03-30,750.0
2022-03-31,750.0
2022-04-28,428.0
2022-04-29,428.0
2022-04-30,428.0
2022-05-01,428.0
2022-05-02,428.0
2022-05-03,428.0
2022-05-04,428.0
2022-05-05,428.0
2022-05-26,436.0
2022-05-27,436.0
2022-05-28,436.0
2022-05-29,436.0
2022-05-30,436.0
2022-05-31,436.0
2022-06-01,436.0
2022-06-02,436.0
2022-06-30,384.0
2022-07-01,384.0
2022-07-02,384.0
2022-07-03,384.0
2022-07-04,384.0
2022-07-05,384.0
2022-07-06,384.0
2022-07-07,384.0
2022-07-28,398.0
2022-07-29,398.0
2022-07-30,398.0
2022-07-31,398.0
2022-08-01,398.0
2022-08-02,398.0
2022-08-03,398.0
2022-08-04,398.0
2022-08-25,526.0
2022-08-26,526.0
2022-08-27,526.0
2022-08-28,526.0
2022-08-29,526.0
2022-08-30,526.0
2022-08-31,526.0
2022-09-01,526.0
2022-09-29,315.0
2022-09-30,315.0
2022-10-01,315.0
2022-10-02,315.0
2022-10-03,315.0
2022-10-04,315.0
2022-10-05,315.0
2022-10-06,315.0
2022-10-27,315.0
2022-10-28,315.0
2022-10-29,315.0
2022-10-30,315.0
2022-10-31,315.0
2022-11-01,315.0
2022-11-02,315.0
2022-11-03,315.0
2022-11-24,284.0
2022-11-25,284.0
2022-11-26,284.0
2022-11-27,284.0
2022-11-28,284.0
2022-11-29,284.0
2022-11-30,284.0
2022-12-01,284.0
2022-12-29,256.0
2022-12-30,256.0
2022-12-31,256.0
2023-01-01,256.0
2023-01-02,256.0
2023-01-03,256.0
2023-01-04,256.0
2023-01-05,256.0
2023-01-26,260.0
2023-01-27,260.0
2023-01-28,260.0
2023-01-29,260.0
2023-01-30,260.0
2023-01-31,260.0
2023-02-01,260.0
2023-02-02,260.0
2023-03-02,504.0
2023-03-03,504.0
2023-03-04,504.0
2023-03-05,504.0
2023-03-06,504.0
2023-03-07,504.0
2023-03-08,504.0
2023-03-09,504.0
2023-03-30,326.0
2023-03-31,326.0
2023-04-01,326.0
2023-04-02,326.0
2023-04-03,326.0
2023-04-04,326.0
2023-04-05,326.0
2023-04-06,326.0
2023-04-27,165.0
2023-04-28,165.0
2023-04-29,165.0
2023-04-30,165.0
2023-05-01,165.0
2023-05-02,165.0
2023-05-03,165.0
2023-05-04,165.0
2023-05-25,294.0
2023-05-26,294.0
2023-05-27,294.0
2023-05-28,294.0
2023-05-29,294.0
2023-05-30,294.0
2023-05-31,294.0
2023-06-01,294.0
2023-06-29,306.0
2023-06-30,306.0
2023-07-01,306.0
2023-07-02,306.0
2023-07-03,306.0
2023-07-04,306.0
2023-07-05,306.0
2023-07-06,306.0
2023-07-27,185.0
2023-07-28,185.0
2023-07-29,185.0
2023-07-30,185.0
2023-07-31,185.0
2023-08-01,185.0
2023-08-02,185.0
2023-08-03,185.0
2023-08-24,157.0
2023-08-25,157.0
2023-08-26,157.0
2023-08-27,157.0
2023-08-28,157.0
2023-08-29,157.0
2023-08-30,157.0
2023-08-31,157.0
2023-09-28,227.0
2023-09-29,227.0
2023-09-30,227.0
2023-10-01,227.0
2023-10-02,227.0
2023-10-03,227.0
2023-10-04,227.0
2023-10-05,227.0
2023-10-26,297.0
2023-10-27,297.0
2023-10-28,297.0
2023-10-29,297.0
2023-10-30,297.0
2023-10-31,297.0
2023-11-01,297.0
2023-11-02,297.0
2023-11-30,150.0
2023-12-01,150.0
2023-12-02,150.0
2023-12-03,150.0
2023-12-04,150.0
2023-12-05,150.0
2023-12-06,150.0
2023-12-07,150.0
2023-12-28,173.0
2023-12-29,173.0
2023-12-30,173.0
2023-12-31,173.0
2024-01-01,173.0
2024-01-02,173.0
2024-01-03,173.0
2024-01-04,173.0
2024-01-25,333.0
2024-01-26,333.0
2024-01-27,333.0
2024-01-28,333.0
2024-01-29,333.0
2024-01-30,333.0
2024-01-31,333.0
2024-02-01,333.0
2024-02-29,229.0
2024-03-01,229.0
2024-03-02,229.0
2024-03-03,229.0
2024-03-04,229.0
2024-03-05,229.0
2024-03-06,229.0
2024-03-07,229.0
2024-03-28,270.0
2024-03-29,270.0
2024-03-30,270.0
2024-03-31,270.0
2024-04-01,270.0
2024-04-02,270.0
2024-04-03,270.0
2024-04-04,270.0
2024-04-25,315.0
2024-04-26,315.0
2024-04-27,315.0
2024-04-28,315.0
2024-04-29,315.0
2024-04-30,315.0
2024-05-01,315.0
2024-05-02,315.0
2024-05-30,165.0
2024-05-31,165.0
2024-06-01,165.0
2024-06-02,165.0
2024-06-03,165.0
2024-06-04,165.0
2024-06-05,165.0
2024-06-06,165.0
2024-06-27,218.0
2024-06-28,218.0
2024-06-29,218.0
2024-06-30,218.0
2024-07-01,218.0
2024-07-02,218.0
2024-07-03,218.0
2024-07-04,218.0
2024-07-25,179.0
2024-07-26,179.0
2024-07-27,179.0
2024-07-28,179.0
2024-07-29,179.0
2024-07-30,179.0
2024-07-31,179.0
2024-08-01,179.0
2024-08-29,89.0
2024-08-30,89.0
2024-08-31,89.0
2024-09-01,89.0
2024-09-02,89.0
2024-09-03,89.0
2024-09-04,89.0
2024-09-05,89.0
2024-09-26,159.0
2024-09-27,159.0
2024-09-28,159.0
2024-09-29,159.0
2024-09-30,159.0
2024-10-01,159.0
2024-10-02,159.0
2024-10-03,159.0
2024-10-24,223.0
2024-10-25,223.0
2024-10-26,223.0
2024-10-27,223.0
2024-10-28,223.0
2024-10-29,223.0
2024-10-30,223.0
2024-10-31,223.0
2024-11-29,12.0
2024-11-30,12.0
2024-12-01,12.0
2024-12-02,12.0
2024-12-03,12.0
2024-12-04,12.0
2024-12-05,12.0
2024-12-06,12.0
2024-12-27,
2024-12-28,
2024-12-29,
2024-12-30,
2024-12-31,
2025-01-03,212.0
2025-01-04,212.0
2025-01-05,212.0
2025-01-06,212.0
2025-01-07,212.0
2025-01-08,212.0
2025-01-09,212.0
2025-01-10,212.0
2025-01-31,256.0
2025-02-01,256.0
2025-02-02,256.0
2025-02-03,256.0
2025-02-04,256.0
2025-02-05,256.0
2025-02-06,256.0
2025-02-07,256.0
2025-02-28,143.0
2025-03-01,143.0
2025-03-02,143.0
2025-03-03,143.0
2025-03-04,143.0
2025-03-05,143.0
2025-03-06,143.0
2025-03-07,143.0
2025-03-28,151.0
2025-03-29,151.0
2025-03-30,151.0
2025-03-31,151.0
2025-04-01,151.0
2025-04-02,151.0
2025-04-03,151.0
2025-04-04,151.0
2025-04-25,228.0
2025-04-26,228.0
2025-04-27,228.0
2025-04-28,228.0
2025-04-29,228.0
2025-04-30,228.0
2025-05-01,185.0
2025-05-02,185.0
2025-05-30,147.0
2025-05-31,147.0
2025-06-01,147.0
2025-06-02,147.0
2025-06-03,147.0
2025-06-04,147.0
2025-06-05,147.0
2025-06-06,147.0
2025-06-26,144.0
2025-06-27,144.0
2025-06-28,144.0
2025-06-29,144.0
2025-06-30,144.0
2025-07-01,144.0
2025-07-02,144.0
2025-07-03,144.0
2025-07-25,14.0
2025-07-26,14.0
2025-07-27,14.0
2025-07-28,14.0
2025-07-29,14.0
2025-07-30,14.0
2025-07-31,14.0
2025-08-01,14.0
2025-08-29,79.0
2025-08-30,79.0
2025-08-31,79.0
2025-09-01,79.0
2025-09-02,79.0
2025-09-03,79.0
2025-09-04,79.0
2025-09-05,79.0
2025-09-26,22.0
2025-09-27,22.0
2025-09-28,22.0
2025-09-29,22.0
2025-09-30,22.0
2025-10-01,22.0
2025-10-02,22.0
2025-10-03,22.0
2025-10-10,22.0
2025-10-11,22.0
2025-10-12,22.0
2025-10-13,22.0
2025-10-14,22.0
2025-10-15,22.0
2025-10-16,22.0
2025-10-17,22.0
2025-10-31,22.0
2025-11-01,22.0
2025-11-02,22.0
2025-11-03,22.0
2025-11-04,22.0
2025-11-05,22.0
2025-11-06,22.0
2025-11-07,22.0
2025-11-13,22.0
2025-11-14,22.0
2025-11-15,22.0
2025-11-16,22.0
2025-11-17,22.0
2025-11-18,22.0
2025-11-19,22.0
2025-11-20,22.0
2025-11-28,119.0
2025-11-29,119.0
2025-11-30,119.0
2025-12-01,119.0
