time,USA/RETAIL_SALES.EODHDEconomicEvents
2021-01-07,3.7
2021-01-08,3.7
2021-01-09,3.7
2021-01-10,3.7
2021-01-11,3.7
2021-01-12,3.7
2021-01-13,3.7
2021-01-14,3.7
2021-02-09,2.53
2021-02-10,2.53
2021-02-11,2.53
2021-02-12,2.53
2021-02-13,2.53
2021-02-14,2.53
2021-02-15,2.53
2021-02-16,2.53
2021-03-08,7.6
2021-03-09,7.6
2021-03-10,7.6
2021-03-11,7.6
2021-03-12,7.6
2021-03-13,7.6
2021-03-14,7.6
2021-03-15,7.6
2021-04-07,-2.7
2021-04-08,-2.7
2021-04-09,-2.7
2021-04-10,-2.7
2021-04-11,-2.7
2021-04-12,-2.7
2021-04-13,-2.7
2021-04-14,-2.7
2021-05-06,9.8
2021-05-07,9.8
2021-05-08,9.8
2021-05-09,9.8
2021-05-10,9.8
2021-05-11,9.8
2021-05-12,9.8
2021-05-13,9.8
2021-06-07,53.4
2021-06-08,53.4
2021-06-09,53.4
2021-06-10,53.4
2021-06-11,53.4
2021-06-12,53.4
2021-06-13,53.4
2021-06-14,53.4
2021-07-08,27.6
2021-07-09,27.6
2021-07-10,27.6
2021-07-11,27.6
2021-07-12,27.6
2021-07-13,27.6
2021-07-14,27.6
2021-07-15,27.6
2021-08-09,0.7
2021-08-10,0.7
2021-08-11,0.7
2021-08-12,0.7
2021-08-13,0.7
2021-08-14,0.7
2021-08-15,0.7
2021-08-16,0.7
2021-09-08,15.1
2021-09-09,15.1
2021-09-10,15.1
2021-09-11,15.1
2021-09-12,15.1
2021-09-13,15.1
2021-09-14,15.1
2021-09-15,15.1
2021-10-07,0.9
2021-10-08,0.9
2021-10-09,0.9
2021-10-10,0.9
2021-10-11,0.9
2021-10-12,0.9
2021-10-13,0.9
2021-10-14,0.9
2021-11-08,14.3
2021-11-09,14.3
2021-11-10,14.3
2021-11-11,14.3
2021-11-12,14.3
2021-11-13,14.3
2021-11-14,14.3
2021-11-15,14.3
2021-12-07,16.3
2021-12-08,16.3
2021-12-09,16.3
2021-12-10,16.3
2021-12-11,16.3
2021-12-12,16.3
2021-12-13,16.3
2021-12-14,16.3
2022-01-06,0.2
2022-01-07,0.2
2022-01-08,0.2
2022-01-09,0.2
2022-01-10,0.2
2022-01-11,0.2
2022-01-12,0.2
2022-01-13,0.2
2022-02-08,16.7
2022-02-09,16.7
2022-02-10,16.7
2022-02-11,16.7
2022-02-12,16.7
2022-02-13,16.7
2022-02-14,16.7
2022-02-15,16.7
2022-03-08,14.0
2022-03-09,14.0
2022-03-10,14.0
2022-03-11,14.0
2022-03-12,14.0
2022-03-13,14.0
2022-03-14,14.0
2022-03-15,14.0
2022-04-06,0.8
2022-04-07,0.8
2022-04-08,0.8
2022-04-09,0.8
2022-04-10,0.8
2022-04-11,0.8
2022-04-12,0.8
2022-04-13,0.8
2022-05-09,1.4
2022-05-10,1.4
2022-05-11,1.4
2022-05-12,1.4
2022-05-13,1.4
2022-05-14,1.4
2022-05-15,1.4
2022-05-16,1.4
2022-06-07,0.7
2022-06-08,0.7
2022-06-09,0.7
2022-06-10,0.7
2022-06-11,0.7
2022-06-12,0.7
2022-06-13,0.7
2022-06-14,0.7
2022-07-07,8.2
2022-07-08,8.2
2022-07-09,8.2
2022-07-10,8.2
2022-07-11,8.2
2022-07-12,8.2
2022-07-13,8.2
2022-07-14,8.2
2022-08-09,0.8
2022-08-10,0.8
2022-08-11,0.8
2022-08-12,0.8
2022-08-13,0.8
2022-08-14,0.8
2022-08-15,0.8
2022-08-16,0.8
2022-09-07,10.1
2022-09-08,10.1
2022-09-09,10.1
2022-09-10,10.1
2022-09-11,10.1
2022-09-12,10.1
2022-09-13,10.1
2022-09-14,10.1
2022-10-06,9.4
2022-10-07,9.4
2022-10-08,9.4
2022-10-09,9.4
2022-10-10,9.4
2022-10-11,9.4
2022-10-12,9.4
2022-10-13,9.4
2022-11-08,8.6
2022-11-09,8.6
2022-11-10,8.6
2022-11-11,8.6
2022-11-12,8.6
2022-11-13,8.6
2022-11-14,8.6
2022-11-15,8.6
2022-12-07,1.3
2022-12-08,1.3
2022-12-09,1.3
2022-12-10,1.3
2022-12-11,1.3
2022-12-12,1.3
2022-12-13,1.3
2022-12-14,1.3
2023-01-10,6.0
2023-01-11,6.0
2023-01-12,6.0
2023-01-13,6.0
2023-01-14,6.0
2023-01-15,6.0
2023-01-16,6.0
2023-01-17,6.0
2023-02-07,5.9
2023-02-08,5.9
2023-02-09,5.9
2023-02-10,5.9
2023-02-11,5.9
2023-02-12,5.9
2023-02-13,5.9
2023-02-14,5.9
2023-03-07,7.7
2023-03-08,7.7
2023-03-09,7.7
2023-03-10,7.7
2023-03-11,7.7
2023-03-12,7.7
2023-03-13,7.7
2023-03-14,7.7
2023-04-06,-0.2
2023-04-07,-0.2
2023-04-08,-0.2
2023-04-09,-0.2
2023-04-10,-0.2
2023-04-11,-0.2
2023-04-12,-0.2
2023-04-13,-0.2
2023-05-08,2.4
2023-05-09,2.4
2023-05-10,2.4
2023-05-11,2.4
2023-05-12,2.4
2023-05-13,2.4
2023-05-14,2.4
2023-05-15,2.4
2023-06-07,1.2
2023-06-08,1.2
2023-06-09,1.2
2023-06-10,1.2
2023-06-11,1.2
2023-06-12,1.2
2023-06-13,1.2
2023-06-14,1.2
2023-07-10,2.0
2023-07-11,2.0
2023-07-12,2.0
2023-07-13,2.0
2023-07-14,2.0
2023-07-15,2.0
2023-07-16,2.0
2023-07-17,2.0
2023-08-07,1.6
2023-08-08,1.6
2023-08-09,1.6
2023-08-10,1.6
2023-08-11,1.6
2023-08-12,1.6
2023-08-13,1.6
2023-08-14,1.6
2023-09-06,2.6
2023-09-07,2.6
2023-09-08,2.6
2023-09-09,2.6
2023-09-10,2.6
2023-09-11,2.6
2023-09-12,2.6
2023-09-13,2.6
2023-10-09,2.9
2023-10-10,2.9
2023-10-11,2.9
2023-10-12,2.9
2023-10-13,2.9
2023-10-14,2.9
2023-10-15,2.9
2023-10-16,2.9
2023-11-07,4.1
2023-11-08,4.1
2023-11-09,4.1
2023-11-10,4.1
2023-11-11,4.1
2023-11-12,4.1
2023-11-13,4.1
2023-11-14,4.1
2023-12-06,-0.2
2023-12-07,-0.2
2023-12-08,-0.2
2023-12-09,-0.2
2023-12-10,-0.2
2023-12-11,-0.2
2023-12-12,-0.2
2023-12-13,-0.2
2024-01-09,0.3
2024-01-10,0.3
2024-01-11,0.3
2024-01-12,0.3
2024-01-13,0.3
2024-01-14,0.3
2024-01-15,0.3
2024-01-16,0.3
2024-02-07,5.3
2024-02-08,5.3
2024-02-09,5.3
2024-02-10,5.3
2024-02-11,5.3
2024-02-12,5.3
2024-02-13,5.3
2024-02-14,5.3
2024-03-06,-1.1
2024-03-07,-1.1
2024-03-08,-1.1
2024-03-09,-1.1
2024-03-10,-1.1
2024-03-11,-1.1
2024-03-12,-1.1
2024-03-13,-1.1
2024-04-07,0.9
2024-04-08,0.9
2024-04-09,0.9
2024-04-10,0.9
2024-04-11,0.9
2024-04-12,0.9
2024-04-13,0.9
2024-04-14,0.9
2024-05-07,3.8
2024-05-08,3.8
2024-05-09,3.8
2024-05-10,3.8
2024-05-11,3.8
2024-05-12,3.8
2024-05-13,3.8
2024-05-14,3.8
2024-06-10,-0.2
2024-06-11,-0.2
2024-06-12,-0.2
2024-06-13,-0.2
2024-06-14,-0.2
2024-06-15,-0.2
2024-06-16,-0.2
2024-06-17,-0.2
2024-07-08,0.3
2024-07-09,0.3
2024-07-10,0.3
2024-07-11,0.3
2024-07-12,0.3
2024-07-13,0.3
2024-07-14,0.3
2024-07-15,0.3
2024-08-07,2.0
2024-08-08,2.0
2024-08-09,2.0
2024-08-10,2.0
2024-08-11,2.0
2024-08-12,2.0
2024-08-13,2.0
2024-08-14,2.0
2024-09-09,2.9
2024-09-10,2.9
2024-09-11,2.9
2024-09-12,2.9
2024-09-13,2.9
2024-09-14,2.9
2024-09-15,2.9
2024-09-16,2.9
2024-10-09,2.2
2024-10-10,2.2
2024-10-11,2.2
2024-10-12,2.2
2024-10-13,2.2
2024-10-14,2.2
2024-10-15,2.2
2024-10-16,2.2
2024-11-07,2.0
2024-11-08,2.0
2024-11-09,2.0
2024-11-10,2.0
2024-11-11,2.0
2024-11-12,2.0
2024-11-13,2.0
2024-11-14,2.0
2024-12-10,0.4
2024-12-11,0.4
2024-12-12,0.4
2024-12-13,2.8
2024-12-14,0.4
2024-12-15,0.4
2024-12-16,0.4
2024-12-17,0.4
2025-01-09,0.7
2025-01-10,0.7
2025-01-11,0.7
2025-01-12,0.7
2025-01-13,0.7
2025-01-14,0.7
2025-01-15,0.7
2025-01-16,0.7
2025-02-07,3.9
2025-02-08,3.9
2025-02-09,0.7
2025-02-10,0.7
2025-02-11,0.7
2025-02-12,0.7
2025-02-13,3.9
2025-02-14,3.9
2025-03-10,4.2
2025-03-11,-0.9
2025-03-12,-0.8
2025-03-13,4.2
2025-03-14,-0.9
2025-03-15,4.2
2025-03-16,4.2
2025-03-17,-0.8
2025-04-09,0.2
2025-04-10,3.1
2025-04-11,3.1
2025-04-12,3.1
2025-04-13,3.1
2025-04-14,3.1
2025-04-15,3.1
2025-04-16,1.0
2025-05-08,1.7
2025-05-09,1.7
2025-05-10,1.7
2025-05-11,1.7
2025-05-12,1.7
2025-05-13,1.7
2025-05-14,1.7
2025-05-15,1.7
2025-06-10,5.0
2025-06-11,5.0
2025-06-12,5.0
2025-06-13,5.0
2025-06-14,5.0
2025-06-15,5.0
2025-06-16,5.0
2025-06-17,5.0
2025-07-10,3.3
2025-07-11,3.3
2025-07-12,3.3
2025-07-13,3.3
2025-07-14,3.3
2025-07-15,3.3
2025-07-16,3.3
2025-07-17,3.3
2025-08-08,4.4
2025-08-09,4.4
2025-08-10,4.4
2025-08-11,4.4
2025-08-12,4.4
2025-08-13,4.4
2025-08-14,4.4
2025-08-15,4.4
2025-09-09,0.6
2025-09-10,0.6
2025-09-11,0.6
2025-09-12,0.6
2025-09-13,0.6
2025-09-14,0.6
2025-09-15,0.6
2025-09-16,0.6
2025-10-09,0.7
2025-10-10,0.7
2025-10-11,0.7
2025-10-12,0.7
2025-10-13,0.7
2025-10-14,0.7
2025-10-15,0.7
2025-10-16,0.7
2025-11-07,5.0
2025-11-08,5.0
2025-11-09,5.0
2025-11-10,5.0
2025-11-11,5.0
2025-11-12,5.0
2025-11-13,5.0
2025-11-14,5.0
2025-11-18,0.7
2025-11-19,0.7
2025-11-20,0.7
2025-11-22,0.7
2025-11-23,5.0
2025-11-24,5.0
2025-11-25,5.0
